store_name,region,open_year,store_area,parking_count,competitor_count,market_density,performance_excluding_tax23,population23,household23,longitude,latitude,competition_index,competition_log,population_log,area_log,household_size,demand_competition_ratio,parking_per_area,sales_per_person,sales_per_competitor,store_efficiency,predicted_sales,opportunity_gap,priority_score,expected_after_online,estimated_cost,roi,strategy,grade
화정점,경기도,2006,3310,615,4,26,637,307464,130213,126.833384695,37.632612852,30,3.4339872044851463,12.63611653861238,8.105005537547246,2.3612388931980677,10248.8,0.18580060422960726,0.0020717872661514844,21.233333333333334,0.19244712990936555,975.5627863865134,338.5627863865134,4278.118824417313,1121.8972043444903,48.778139319325675,9.940871281910015,공격 투자,A
동구미점,경상북도,2011,3480,694,1,3,527,150519,63669,128.404175714,36.106266334,4,1.6094379124341003,11.921851244707373,8.15507488781144,2.3640861329689487,37629.75,0.19942528735632184,0.0035012191151947594,131.75,0.1514367816091954,853.7124683679839,326.7124683679839,3895.017447674267,981.7693386231814,42.685623418399196,10.653922848111849,공격 투자,A
통영점,경상남도,2005,4140,770,1,9,781,54662,25413,128.417971058,34.887158632,10,2.3978952727983707,10.908942342717989,8.328692583545568,2.1509463660331325,5466.2,0.1859903381642512,0.014287805056529216,78.1,0.18864734299516908,1036.0725159409217,255.07251594092168,2782.5713696115295,1191.48339333206,51.80362579704609,7.923835195247399,공격 투자,A
문현점,부산광역시,2003,3600,827,1,10,919,148937,64007,129.064234107,35.144279739,11,2.4849066497880004,11.911285390948345,8.188966863648876,2.326886121830425,13539.727272727272,0.22972222222222222,0.0061703941935180645,83.54545454545455,0.25527777777777777,1120.3230235558412,201.32302355584125,2398.0159893422415,1288.3714770892173,56.01615117779207,6.594017427524666,공격 투자,A
김천점,경북,1998,1970,350,2,26,331,44851,21205,128.116831467,36.134931668,28,3.367295829986474,10.71112345958077,7.58629630715272,2.115114359820797,1601.8214285714287,0.17766497461928935,0.007379991527502174,11.821428571428571,0.16802030456852793,547.4091064042958,216.4091064042958,2317.984656473964,629.5204723649401,27.37045532021479,10.906668116129735,공격 투자,A
오산점,경기도,2005,3280,770,3,9,903,184948,79412,127.072691109,37.140669292,12,2.5649493574615367,12.127835390379262,8.0959035329611,2.328967914169143,15412.333333333334,0.2347560975609756,0.004882453446374116,75.25,0.2753048780487805,998.7095240170951,95.70952401709508,1160.7493525708796,1148.5159526196592,49.93547620085476,4.916663889058029,공격 투자,A
과천점,경기도,2015,3020,358,1,5,508,72881,25625,126.991821496,37.426269927,6,1.9459101490553132,11.196596973928326,8.013343181386672,2.844136585365854,12146.833333333334,0.1185430463576159,0.006970266598976414,84.66666666666667,0.16821192052980133,576.6902286604848,68.69022866048476,769.0968063584285,663.1937629595574,28.83451143302424,5.382222734032995,공격 투자,A
여수점,전남,2001,2730,480,3,16,850,122353,54579,127.714989406,34.757901738,19,2.995732273553991,11.714673761429994,7.912423121473705,2.2417596511478775,6439.631578947368,0.17582417582417584,0.006947112044657671,44.73684210526316,0.31135531135531136,906.6228205534492,56.62282055344917,663.31787023565,1042.6162436364664,45.33114102767246,4.249093212078724,공격 투자,A
양주점,경기도,2004,3290,593,1,3,550,129419,56777,127.053924088,37.841635843,4,1.6094379124341003,11.770818208611256,8.098946748943339,2.2794265283477464,32354.75,0.18024316109422492,0.004249762399647656,137.5,0.16717325227963525,602.7226505525118,52.72265055251182,620.5887351297545,693.1310481353886,30.13613252762559,4.749482967138578,공격 투자,A
검단점,인천광역시,2006,3230,726,1,5,628,256841,103473,126.677190027,37.585467497,6,1.9459101490553132,12.45621638882674,8.080546965824498,2.482203086795589,42806.833333333336,0.22476780185758513,0.002445092489127515,104.66666666666667,0.19442724458204336,677.2313665035119,49.231366503511936,613.2365542853811,778.8160714790387,33.8615683251756,4.453900954342656,공격 투자,A
안성점,경기도,2008,3000,513,1,10,709,90383,41352,127.255924133,37.012721306,11,2.4849066497880004,11.411822539565044,8.006700845440367,2.1856983942735537,8216.636363636364,0.171,0.007844395516856046,64.45454545454545,0.23633333333333334,761.5795084812573,52.579508481257335,600.0280200056638,875.8164347534458,38.07897542406287,4.380801555076274,공격 투자,A
진접점,경기도,2010,3040,525,1,6,463,363572,146458,127.182110313,37.708796723,7,2.0794415416798357,12.803735381102499,8.019941687677365,2.4824318234579197,51938.857142857145,0.17269736842105263,0.001273475405146711,66.14285714285714,0.15230263157894736,506.95041274962114,43.95041274962114,562.7294547363825,582.9929746620643,25.347520637481058,4.73391367850914,공격 투자,A
천안서북점,충남,2012,3950,689,1,4,1046,221498,90859,127.122339216,36.83856879,5,1.791759469228055,12.30817335378445,8.281723990411392,2.437821239502966,44299.6,0.17443037974683545,0.00472239026988957,209.2,0.2648101265822785,1089.6801078373228,43.680107837322794,537.6223393737678,1253.1321240129212,54.48400539186614,3.801705152239848,공격 투자,A
반야월점,대구광역시,2004,4490,718,2,10,669,150847,68961,128.727433763,35.870865816,12,2.5649493574615367,11.924027986295803,8.409830673087738,2.187424776322849,12570.583333333334,0.1599109131403118,0.004434957274589485,55.75,0.1489977728285078,711.7785615988141,42.77856159881412,510.09276571773853,818.5453458386362,35.58892807994071,4.202018827392717,공격 투자,A
흥덕점,경기도,2009,2940,580,1,6,466,237374,92806,127.073332785,37.275791907,7,2.0794415416798357,12.377396448114586,7.9865049385539955,2.5577441113721098,33910.57142857143,0.19727891156462585,0.0019631467641780483,66.57142857142857,0.15850340136054422,506.86303183202654,40.863031832026536,505.77794505691855,582.8924866068305,25.343151591601327,4.612389512185551,공격 투자,A
에코시티점,전북특별자치도,2021,800,424,3,2,251,125703,54417,127.123763495,35.872595781,5,1.791759469228055,11.741685215869968,6.68586094706836,2.3099950383152326,25140.6,0.53,0.0019967701645943214,50.2,0.31375,293.4411583063851,42.44115830638509,498.3307210304787,337.45733205234285,14.672057915319256,5.892652043178742,공격 투자,A
울산점,울산광역시,2003,4000,956,2,5,1095,114883,47796,129.34839403,35.538043754,7,2.0794415416798357,11.65167820261739,8.294299608857235,2.403611180851954,16411.85714285714,0.239,0.00953143633087576,156.42857142857142,0.27375,1132.305771093067,37.30577109306705,434.6748398769233,1302.151636757027,56.615288554653354,3.6589345748375726,공격 투자,A
마산점,경상남도,2006,2370,736,1,12,571,67004,29861,128.569936876,35.197846176,13,2.6390573296152584,11.112522522454329,7.771067086065406,2.2438632329794714,5154.153846153846,0.3105485232067511,0.00852187929078861,43.92307692307692,0.24092827004219408,607.8152523446015,36.815252344601504,409.11032084922374,698.9875401962917,30.390762617230077,4.2113961340255734,공격 투자,A
하월곡점,서울특별시,2012,3350,760,4,13,474,147932,61889,127.030928157,37.605037187,17,2.8903717578961645,11.904514747542745,8.11701408773731,2.390279371132188,8701.882352941177,0.22686567164179106,0.0032041748911662113,27.88235294117647,0.14149253731343284,507.35654180647737,33.35654180647737,397.0934438622359,583.4600230774489,25.36782709032387,4.314915214760376,공격 투자,A
익산점,전북특별자치도,2006,3060,668,1,8,754,75446,36053,126.957862802,35.930649766,9,2.302585092994046,11.231185701974077,8.026496938945412,2.092641389066097,8382.888888888889,0.21830065359477124,0.009993902923945603,83.77777777777777,0.24640522875816995,787.0194159003785,33.019415900378476,370.84719174786625,905.0723282854352,39.350970795018924,3.8391004143805794,공격 투자,A
광교점,경기도,2015,4950,694,2,4,728,233976,97325,127.046877975,37.296270889,6,1.9459101490553132,12.36297809891071,8.507344855361422,2.4040688415104032,38996.0,0.1402020202020202,0.0031114302321605634,121.33333333333333,0.14707070707070707,757.5228011644607,29.522801164460702,364.9897442147233,871.1512213391297,37.87614005822304,3.779456436666416,공격 투자,A
신촌점,서울,2020,490,121,1,18,268,155219,75063,126.936001776,37.554993916,19,2.995732273553991,11.95259874440813,6.19644412779452,2.0678496729413958,8169.421052631579,0.24693877551020407,0.0017265927495989538,14.105263157894736,0.5469387755102041,296.4840355650146,28.484035565014608,340.4582477300701,340.9566408997668,14.824201778250732,4.921454928305471,공격 투자,A
동인천점,인천,2001,3970,780,1,3,721,104781,47714,126.629178935,37.466618715,4,1.6094379124341003,11.559637280392185,8.286773231131251,2.196022131869053,26195.25,0.1964735516372796,0.006881018505263359,180.25,0.18161209068010076,746.7722759815642,25.772275981564235,297.91816223704603,858.7881173787988,37.33861379907821,3.690231193912197,공격 투자,B
평촌점,경기도,2006,3260,640,1,12,834,245468,97243,126.964260194,37.394570835,13,2.6390573296152584,12.410925945331194,8.089789175789319,2.524274240819391,18882.153846153848,0.19631901840490798,0.003397591539426728,64.15384615384616,0.2558282208588957,857.0633413812021,23.06334138120212,286.237421933992,985.6228425883824,42.853167069060106,3.5381945596701,공격 투자,B
포항이동점,경북,2004,3120,767,1,4,881,125092,53314,129.339046447,36.031805648,5,1.791759469228055,11.736812739653638,8.045908742270779,2.346325543009341,25018.4,0.24583333333333332,0.007042816487065519,176.2,0.28237179487179487,905.0588230405954,24.05882304059537,282.3739007639322,1040.8176464966846,45.25294115202977,3.531652140791652,공격 투자,B
아산점,충남,2006,2080,435,1,5,614,175131,75450,127.021221791,36.776476521,6,1.9459101490553132,12.073295254289436,7.640603826393634,2.3211530815109342,29188.5,0.2091346153846154,0.0035059469768344838,102.33333333333333,0.2951923076923077,637.0663518315394,23.06635183153935,278.4868761014945,732.6263046062702,31.853317591576968,3.7241428389750766,공격 투자,B
포천점,경기도,2010,2510,439,1,5,468,64222,31507,127.160464208,37.84775038,6,1.9459101490553132,11.070116680971605,7.828436359157585,2.0383406861967184,10703.666666666666,0.1749003984063745,0.007287222447136496,78.0,0.18645418326693228,492.7622020442501,24.762202044250103,274.12046590764226,566.6765323508876,24.638110102212508,4.005036585254418,공격 투자,B
천안점,충남,2001,3850,680,1,15,1274,221498,90859,127.12714102,36.795923713,16,2.833213344056216,12.30817335378445,8.25608813381491,2.437821239502966,13843.625,0.17662337662337663,0.005751744936748865,79.625,0.33090909090909093,1293.203082109405,19.20308210940493,236.35486352951267,1487.1835444258156,64.66015410547026,3.2969847872320535,공격 투자,B
천호점,서울,2000,2900,114,3,20,672,222322,92359,127.125616693,37.538640719,23,3.1780538303479458,12.311886558387954,7.972810784121404,2.4071503589254974,9666.173913043478,0.039310344827586205,0.0030226428333678178,29.217391304347824,0.2317241379310345,690.9886055964923,18.988605596492334,233.78555800598426,794.6368964359662,34.54943027982462,3.5496069093672094,공격 투자,B
창원점,경상남도,2002,4080,815,3,30,1230,167802,70328,128.680191136,35.226551336,33,3.5263605246161616,12.030545951282123,8.314097335405807,2.3859913547946765,5084.909090909091,0.19975490196078433,0.007330067579647442,37.27272727272727,0.3014705882352941,1248.4569621897754,18.456962189775368,222.0473317451693,1435.7255065182417,62.42284810948877,3.2956763869120826,공격 투자,B
구미점,경상북도,2002,3560,936,3,45,615,150519,63669,128.364914534,36.109409596,48,3.8918202981106265,11.921851244707373,8.177796683277778,2.3640861329689487,3135.8125,0.26292134831460673,0.004085862914316465,12.8125,0.17275280898876405,630.336031113855,15.336031113855029,182.83388162358358,724.8864357809332,31.51680155569275,3.48659858732032,공격 투자,B
광주점,광주,2006,3560,2300,1,6,1034,146459,64044,126.882008011,35.158678207,7,2.0794415416798357,11.894507632615062,8.177796683277778,2.286849665854725,20922.714285714286,0.6460674157303371,0.007059996312961307,147.71428571428572,0.29044943820224717,1047.10222633349,13.10222633349008,155.84453112794782,1204.1675602835135,52.35511131667451,3.250256870895374,공격 투자,B
사상점,부산광역시,2003,3720,577,2,13,988,112760,52428,128.978890794,35.1642474,15,2.772588722239781,11.633025813581773,8.221747728346623,2.1507591363393606,7517.333333333333,0.15510752688172044,0.008761972330613692,65.86666666666666,0.26559139784946234,1001.263950430516,13.263950430516047,154.29987774826225,1151.4535429950934,50.06319752152581,3.264944132360159,공격 투자,B
의정부점,경기,2013,4370,688,1,1,719,282546,119854,127.102373187,37.743204697,2,1.0986122886681098,12.551600187411815,8.382747094863314,2.3574181921337627,141273.0,0.1574370709382151,0.0025447183821395453,359.5,0.16453089244851257,730.3943151141281,11.394315114128062,143.01688772191906,839.9534623812472,36.51971575570641,3.312004485203243,공격 투자,B
파주점,경기도,2004,2740,600,1,1,530,246727,102194,126.750831606,37.747134985,2,1.0986122886681098,12.416041794252939,7.916078096302786,2.4143002524610053,123363.5,0.21897810218978103,0.002148123229318234,265.0,0.19343065693430658,540.706722206891,10.706722206890959,132.9351104002142,621.8127305379246,27.03533611034455,3.3960269686750535,공격 투자,B
보령점,충청남도,2008,2470,300,2,5,307,35779,18450,126.588749947,36.343996484,7,2.0794415416798357,10.48514435706271,7.81237820598861,1.9392411924119242,5111.285714285715,0.1214574898785425,0.008580452220576316,43.857142857142854,0.1242914979757085,318.1408010465508,11.140801046550791,116.81290722640037,365.86192120353337,15.90704005232754,3.700369208218635,공격 투자,B
여의도점,서울특별시,2008,1210,280,1,6,334,162097,77177,126.925265745,37.518114096,7,2.0794415416798357,11.995956369584729,7.099201743553092,2.1003278178732008,23156.714285714286,0.23140495867768596,0.002060494642097016,47.714285714285715,0.27603305785123966,343.32055875464897,9.320558754648971,111.80901616092002,394.81864256784627,17.166027937732448,3.5429653725636503,공격 투자,B
천안터미널점,충청남도,2010,1920,1603,2,18,452,122885,55332,127.156664628,36.819822523,20,3.044522437723423,11.719012375314446,7.560601162768557,2.2208667678739245,6144.25,0.8348958333333333,0.0036782357488708956,22.6,0.23541666666666666,461.4762806917346,9.476280691734587,111.05265069839096,530.6977227954948,23.073814034586732,3.4106941608149395,공격 투자,B
분당점,경기도,1996,3720,779,1,2,857,359065,141442,127.119755812,37.358781972,3,1.3862943611198906,12.791261494584319,8.221747728346623,2.5386023953281205,119688.33333333333,0.20940860215053764,0.0023867544873490873,285.6666666666667,0.2303763440860215,865.2083829838481,8.208382983848082,104.99557319409712,994.9896404314252,43.26041914919241,3.1897434917479575,공격 투자,B
묵동점,서울특별시,2011,1380,217,1,13,276,155939,74961,127.077545037,37.613834815,14,2.70805020110221,11.957226596863592,7.2305631534092925,2.08026840623791,11138.5,0.1572463768115942,0.0017699228544494963,19.714285714285715,0.2,283.8021776769341,7.802177676934093,93.29240643209172,326.3725043284742,14.190108883846705,3.5498321218532483,공격 투자,B
여주점,경기도,2007,2350,433,1,7,768,63312,29928,127.635664072,37.28426282,8,2.1972245773362196,11.055845958294505,7.762596048540069,2.1154771451483563,7914.0,0.18425531914893617,0.012130401819560273,96.0,0.32680851063829786,775.7074022304328,7.707402230432763,85.21185179828011,892.0635125649976,38.785370111521644,3.1987193162852687,공격 투자,B
상주점,경상북도,2007,2110,454,1,2,295,28450,14576,128.151009692,36.427769013,3,1.3862943611198906,10.255938588321637,7.65491704784832,1.9518386388583973,9483.333333333334,0.21516587677725119,0.010369068541300527,98.33333333333333,0.13981042654028436,300.8273802613885,5.827380261388498,59.76525409159813,345.95148730059674,15.041369013069426,3.3874235288240757,공격 투자,B
성서점,대구,1999,2340,967,1,17,999,312200,130703,128.510168138,35.853330618,18,2.9444389791664403,12.651402490133291,7.75833346749091,2.3886215312578902,17344.444444444445,0.4132478632478632,0.003199871877001922,55.5,0.4269230769230769,1003.7046110191453,4.704611019145318,59.5199275627236,1154.2603026720171,50.18523055095727,3.093744931875292,공격 투자,B
수서점,서울특별시,2001,760,1000,1,6,248,270993,107814,127.103078798,37.48730916,7,2.0794415416798357,12.509851959395338,6.634633357861686,2.5135232901107463,38713.28571428572,1.3157894736842106,0.000915152789924463,35.42857142857143,0.3263157894736842,251.65877150664193,3.6587715066419264,45.77068990134433,289.4075872326382,12.582938575332097,3.290772420507135,공격 투자,B
일산점,경기,1994,1790,342,4,8,314,242037,102434,126.782281833,37.648099472,12,2.5649493574615367,12.396850017605109,7.490529402060711,2.362858035417928,20169.75,0.19106145251396647,0.001297322310225296,26.166666666666668,0.17541899441340783,317.4962960864147,3.496296086414702,43.343058200422774,365.1207404993769,15.874814804320735,3.220241692864542,공격 투자,C
포항점,경북,2001,3660,891,1,5,1129,105093,45661,129.397634504,35.992481861,6,1.9459101490553132,11.562610466748279,8.205491613120236,2.3015921683712577,17515.5,0.24344262295081967,0.010742865842634619,188.16666666666666,0.30846994535519123,1132.7237087521867,3.723708752186667,43.05579379315573,1302.6322650650145,56.636185437609335,3.0657478734384145,공격 투자,C
사천점,경상남도,2010,1680,408,1,1,225,39169,19052,128.077197425,34.950724458,2,1.0986122886681098,10.575666426659877,7.427144133408616,2.0558996430820913,19584.5,0.24285714285714285,0.00574433863514514,112.5,0.13392857142857142,227.805174911868,2.8051749118679936,29.66659413635092,261.97595114864816,11.3902587455934,3.2462784186490246,공격 투자,C
창동점,서울,1993,1440,159,1,7,600,176999,77565,127.04669933,37.65163617,8,2.1972245773362196,12.083905011555967,7.273092595999522,2.281944175852511,22124.875,0.11041666666666666,0.0033898496601675716,75.0,0.4166666666666667,601.563895527229,1.563895527228965,18.89796499903205,691.7984798563133,30.07819477636145,3.051994328079091,공격 투자,C
광명소하점,경기도,2010,3960,773,1,3,833,220623,86726,126.884551461,37.446479911,4,1.6094379124341003,12.304215174081522,8.284251797621916,2.543908401171506,55155.75,0.1952020202020202,0.0037756716208192254,208.25,0.21035353535353535,833.827181349073,0.8271813490730437,10.177817306981769,958.9012585514339,41.691359067453654,3.0198405944918854,공격 투자,C
충주점,충북,2001,3060,619,1,15,676,72346,33227,127.923752484,36.972112959,16,2.833213344056216,11.189229266099721,8.026496938945412,2.1773256688837392,4521.625,0.2022875816993464,0.009343985845796588,42.25,0.22091503267973855,676.6672834835049,0.6672834835048889,7.466387882417873,778.1673760060305,33.833364174175244,3.0197226465588694,공격 투자,C
미아점,서울특별시,2008,2780,196,3,12,615,147932,61889,127.029858624,37.610911596,15,2.772588722239781,11.904514747542745,7.930565854233965,2.390279371132188,9862.133333333333,0.07050359712230216,0.004157315523348566,41.0,0.22122302158273383,615.5966246357073,0.5966246357072578,7.102526774524367,707.9361183310633,30.779831231785366,3.019383622711066,공격 투자,C
화성봉담점,경기,2012,3380,589,3,5,661,0,0,126.972686753,37.222474073,8,2.1972245773362196,0.0,8.125926802707886,0.0,0.0,0.1742603550295858,661.0,82.625,0.19556213017751478,663.0334048349811,2.03340483498107,0.0,762.4884155602282,33.15167024174905,3.0613364219706884,공격 투자,C
마포점,서울특별시,2012,1960,364,2,16,770,155219,75063,126.953365518,37.542431509,18,2.9444389791664403,11.95259874440813,7.581209826196346,2.0678496729413958,8623.277777777777,0.18571428571428572,0.004960732899967143,42.77777777777778,0.39285714285714285,769.7799923665457,-0.2200076334543155,-2.629662963386256,885.2469912215274,38.488999618327284,2.994283882781155,공격 투자,C
남원점,전북특별자치도,1997,890,170,2,21,158,26450,13214,127.3749769,35.407643305,23,3.1780538303479458,10.183049243755137,6.792344427470809,2.001664900862721,1150.0,0.19101123595505617,0.005973534971644613,6.869565217391305,0.17752808988764046,157.33352982899515,-0.6664701710048462,-6.786698570836256,180.93355930334442,7.866676491449758,2.9152793213589967,성장 투자,C
청계천점,서울특별시,2008,2980,952,1,20,981,62548,32889,127.019843132,37.570745415,21,3.091042453358316,11.043705528557028,8.000014093678072,1.901790872328134,2978.4761904761904,0.3194630872483222,0.01568395472277291,46.714285714285715,0.32919463087248324,979.948655098156,-1.0513449018440042,-11.610743504914876,1126.9409533628793,48.997432754907805,2.9785428573961608,공격 투자,C
봉선점,광주광역시,2007,2490,580,1,11,868,95808,41175,126.916113758,35.122336298,12,2.5649493574615367,11.47011190526658,7.820439515262181,2.326848816029144,7984.0,0.23293172690763053,0.009059786239144956,72.33333333333333,0.3485943775100402,865.8350977543172,-2.1649022456828106,-24.83167102194476,995.7103624174647,43.29175488771586,2.949992735307268,공격 투자,C
목동점,서울특별시,2009,4610,717,2,14,1198,237943,93221,126.870360394,37.5260871,16,2.833213344056216,12.37979063084996,8.436200032206706,2.5524613552740263,14871.4375,0.15553145336225596,0.0050348192634370416,74.875,0.2598698481561822,1195.3209297071323,-2.6790702928676637,-33.16632931103156,1374.619069163202,59.76604648535662,2.9551740419449666,효율 투자,C
보라점,경기,2008,2080,379,2,2,269,237374,92806,127.105096046,37.247569437,4,1.6094379124341003,12.377396448114586,7.640603826393634,2.5577441113721098,59343.5,0.18221153846153845,0.001133232788763723,67.25,0.1293269230769231,266.2868279701665,-2.7131720298335154,-33.58200584518519,306.22985216569145,13.314341398508326,2.7962218371434058,보류,C
수색점,서울,2009,1980,228,1,2,287,264151,116644,126.89867899,37.579692922,3,1.3862943611198906,12.484279974019412,7.591357046698551,2.2645914063303727,88050.33333333333,0.11515151515151516,0.0010864997671786213,95.66666666666667,0.14494949494949494,284.1319516990153,-2.8680483009846967,-35.80551796850364,326.75174445386756,14.206597584950766,2.7981185654175986,보류,C
김포한강점,경기,2015,4040,635,2,6,1126,149697,60971,126.628311668,37.644226405,8,2.1972245773362196,11.916375210265032,8.304247465078474,2.4552164143609256,18712.125,0.15717821782178218,0.007521860825534246,140.75,0.27871287128712874,1121.8454979612472,-4.154502038752753,-49.50660510558884,1290.1223226554343,56.092274898062364,2.9259345061988875,보류,C
중동점,경기,2006,4040,705,3,12,1194,237396,100076,126.763949339,37.504065044,15,2.772588722239781,12.377489124178112,8.304247465078474,2.372157160557976,15826.4,0.1745049504950495,0.005029570843653642,79.6,0.29554455445544553,1189.1022180303037,-4.897781969696325,-60.62224306251191,1367.467550734849,59.455110901515184,2.917622187639857,보류,C
신월점,서울특별시,1999,560,69,1,7,304,237943,93221,126.828510888,37.539716647,8,2.1972245773362196,12.37979063084996,6.329720905522696,2.5524613552740263,29742.875,0.12321428571428572,0.0012776169082511358,38.0,0.5428571428571428,298.1399334978226,-5.860066502177403,-72.54639637981352,342.86092352249597,14.906996674891131,2.606891540262571,보류,C
하남점,경기도,2008,3570,620,1,5,1057,241315,101401,127.205369005,37.552755526,6,1.9459101490553132,12.393862556915915,8.18060094759445,2.3798088776244812,40219.166666666664,0.17366946778711484,0.004380167001636865,176.16666666666666,0.296078431372549,1050.3999505857385,-6.600049414261548,-81.80010530921102,1207.9599431735992,52.519997529286925,2.8743326404274643,보류,C
동해점,강원특별자치도,2004,2210,376,1,6,605,42775,20960,129.117129068,37.523921328,7,2.0794415416798357,10.663732476628567,7.701200180857446,2.0407919847328246,6110.714285714285,0.17013574660633485,0.014143775569842197,86.42857142857143,0.2737556561085973,596.7191581339367,-8.28084186606327,-88.30468234096439,686.2270318540271,29.835957906696837,2.7224542985360394,보류,C
수원점,경기,2001,4110,822,1,15,1088,146323,62665,127.020444602,37.251375256,16,2.833213344056216,11.8935786200339,8.321421586897879,2.3350035905210245,9145.1875,0.2,0.007435604792137941,68.0,0.2647201946472019,1080.3207887642761,-7.679211235723869,-91.33330257192951,1242.3689070789173,54.01603943821381,2.8578346114304076,보류,C
남양주점,경기도,2005,4010,660,1,12,1112,363572,146458,127.243053534,37.655110091,13,2.6390573296152584,12.803735381102499,8.296795865770052,2.4824318234579197,27967.076923076922,0.16458852867830423,0.0030585413618210424,85.53846153846153,0.2773067331670823,1104.6082834809943,-7.39171651900574,-94.64158232147359,1270.2995260031432,55.23041417404971,2.8661658321860104,보류,C
풍산점,경기,2014,4140,582,1,4,1034,242037,102434,126.78710118,37.673911063,5,1.791759469228055,12.396850017605109,8.328692583545568,2.362858035417928,48407.4,0.14057971014492754,0.004272074104372472,206.8,0.2497584541062802,1024.1471686500934,-9.852831349906637,-122.14407249355027,1177.7692439476073,51.20735843250467,2.807589540809969,보류,D
서산점,충청남도,2012,2480,446,1,3,552,67616,30801,126.47876913,36.788367226,4,1.6094379124341003,11.12161470970538,7.816416983691801,2.195253400863608,16904.0,0.17983870967741936,0.008163748225272126,138.0,0.22258064516129034,540.2086468190244,-11.791353180975648,-131.13888698487008,621.2399438418779,27.01043234095122,2.563451890286903,보류,D
다산점,경기도,2008,3060,650,2,12,868,363572,146458,127.157753794,37.608204464,14,2.70805020110221,12.803735381102499,8.026496938945412,2.4824318234579197,25969.428571428572,0.21241830065359477,0.002387422573795562,62.0,0.28366013071895424,857.4278094335525,-10.572190566447489,-135.3635304113818,986.0419808485854,42.87139047167763,2.7533975350430517,보류,D
양재점,서울특별시,2005,3290,649,2,2,845,156751,61266,127.036892786,37.462515128,4,1.6094379124341003,11.962420217584423,8.098946748943339,2.558531648875396,39187.75,0.1972644376899696,0.0053907152107482564,211.25,0.256838905775076,831.3975971679005,-13.602402832099528,-162.717658646435,956.1072367430854,41.569879858395026,2.67278224333495,보류,D
신제주점,제주특별자치도,2003,2530,295,2,41,1132,45802,21739,126.480495054,33.484824054,43,3.784189633918261,10.732104870140509,7.836369760545124,2.1069046414278487,1065.1627906976744,0.116600790513834,0.024715077944194575,26.325581395348838,0.4474308300395257,1116.3899233009304,-15.610076699069623,-167.52898016535198,1283.8484117960697,55.81949616504652,2.7203472304208174,보류,D
명일점,서울,2002,2990,433,1,7,836,222322,92359,127.15563282,37.554715024,8,2.1972245773362196,12.311886558387954,8.003363058629947,2.4071503589254974,27790.25,0.14481605351170568,0.003760311620082583,104.5,0.27959866220735785,821.5997826920708,-14.40021730792921,-177.2938419113592,944.8397500958813,41.079989134603544,2.6494590770035193,보류,D
동백점,경기도,2006,2160,1512,1,6,770,237374,92806,127.151586176,37.277980629,7,2.0794415416798357,12.377396448114586,7.6783263565068856,2.5577441113721098,33910.57142857143,0.7,0.0032438261983199507,110.0,0.35648148148148145,754.3567926486843,-15.64320735131571,-193.62217910729504,867.5103115459868,37.71783963243421,2.5852570692340517,보류,D
안동점,경북,2004,2320,438,1,2,626,38756,20524,128.69966698644004,36.55751437446666,3,1.3862943611198906,10.56506666362841,7.749753406274437,1.8883258624049892,12918.666666666666,0.18879310344827585,0.016152337702549282,208.66666666666666,0.26982758620689656,604.513866333463,-21.486133666536944,-227.00243453059355,695.1909462834825,30.225693316673155,2.2891433972604776,보류,D
강릉점,강원특별자치도,2002,3060,713,1,4,1138,90363,41760,128.922701884,37.77056471,5,1.791759469228055,11.411601236977113,8.026496938945412,2.1638649425287357,18072.6,0.23300653594771242,0.012593650055885705,227.6,0.3718954248366013,1117.3316714143775,-20.668328585622476,-235.85872405393886,1284.931422126534,55.86658357071888,2.63004130081698,보류,D
구로점,서울,1999,2660,534,1,18,1016,185193,81063,126.897929979,37.484430205,19,2.995732273553991,12.129159203261201,7.886457270977689,2.284556456089708,9747.0,0.20075187969924813,0.005486168483689989,53.473684210526315,0.3819548872180451,995.9059742551242,-20.094025744875808,-243.72363729402792,1145.2918703933926,49.795298712756214,2.5964674122995377,보류,D
서수원점,경기도,2005,4400,916,2,18,1172,146323,62665,126.969611971,37.282091837,20,3.044522437723423,11.8935786200339,8.38958706681109,2.3350035905210245,7316.15,0.2081818181818182,0.008009677220942708,58.6,0.26636363636363636,1150.9919356918547,-21.00806430814532,-249.86106450365446,1323.6407260456328,57.54959678459274,2.6349572285140725,보류,D
양산점,경상남도,2004,4160,778,1,8,1265,163073,69938,129.026492546,35.336842105,9,2.302585092994046,12.00195936449771,8.333510708982942,2.331679487546112,18119.222222222223,0.18701923076923077,0.007757262085078462,140.55555555555554,0.30408653846153844,1243.2763627127772,-21.7236372872228,-260.7262119703353,1429.7678171196937,62.16381813563886,2.6505421008757413,보류,D
제천점,충청북도,2009,2590,520,1,2,728,45883,22789,128.222904936,37.123213282,3,1.3862943611198906,10.733871751401159,7.85979918056211,2.013383650006582,15294.333333333334,0.20077220077220076,0.01586644290913846,242.66666666666666,0.2810810810810811,702.9528141391758,-25.047185860824243,-268.8532807635959,808.3957362600521,35.14764070695879,2.287372200323385,보류,D
수지점,경기도,2003,4280,711,3,4,1124,293578,107449,127.08335139,37.319764424,7,2.0794415416798357,12.58990204727884,8.361941906144946,2.732254371841525,41939.71428571428,0.1661214953271028,0.0038286247607109527,160.57142857142858,0.2626168224299065,1099.7247567712338,-24.275243228766158,-305.62293442403484,1264.683470286919,54.98623783856169,2.5585214740452384,보류,D
파주운정점,경기도,2011,3310,575,1,3,756,246727,102194,126.745078828,37.710422361,4,1.6094379124341003,12.416041794252939,8.105005537547246,2.4143002524610053,61681.75,0.17371601208459214,0.003064115398801104,189.0,0.2283987915407855,728.4704329371949,-27.529567062805086,-341.8082552294771,837.7409978777741,36.42352164685975,2.2441816217082193,보류,D
원주점,강원특별자치도,1999,3080,555,1,6,833,196730,87129,127.919000448,37.3206309,7,2.0794415416798357,12.189592592366221,8.033009498596668,2.257916422775425,28104.285714285714,0.18019480519480519,0.004234229654856911,119.0,0.27045454545454545,804.548163021956,-28.451836978043957,-346.81630126677595,925.2303874752494,40.227408151097805,2.292725077609366,보류,D
별내점,경기도,2013,2960,684,1,5,928,363572,146458,127.125972421,37.642853538,6,1.9459101490553132,12.803735381102499,7.993282328101591,2.4824318234579197,60595.333333333336,0.23108108108108108,0.002552451783965762,154.66666666666666,0.31351351351351353,897.1355017309525,-30.864498269047544,-395.18086850738086,1031.7058269905951,44.85677508654763,2.311932295411404,보류,D
이천점,경기,2000,2430,407,1,15,1069,83844,37564,127.458826446,37.293314823,16,2.833213344056216,11.33672513518121,7.796057974316123,2.232030667660526,5240.25,0.16748971193415638,0.012749868803969276,66.8125,0.43991769547325105,1030.9192405306214,-38.08075946937856,-431.7111030432938,1185.5571266102145,51.54596202653107,2.2612271073769405,보류,D
경기광주점,경기,2009,1840,434,2,9,1112,184144,76306,127.26123672,37.409867393,11,2.4849066497880004,12.123478769726153,7.518064181233078,2.413230938589364,16740.363636363636,0.2358695652173913,0.006038752280823703,101.0909090909091,0.6043478260869565,1076.1600063771477,-35.83999362285226,-434.50540179377015,1237.58400733372,53.80800031885739,2.3339281629038373,보류,D
대전터미널점,대전광역시,2011,4530,1327,2,12,1155,105803,49885,127.436711015,36.350335003,14,2.70805020110221,11.569343604875028,8.418697944667139,2.1209381577628545,7557.357142857143,0.2929359823399558,0.010916514654593916,82.5,0.25496688741721857,1109.351019795309,-45.64898020469104,-528.1287372002091,1275.7536727646052,55.46755098976545,2.1770146799321637,보류,D
속초점,강원특별자치도,2003,2890,422,3,9,970,53694,26081,128.595843478,38.191034168,12,2.5649493574615367,10.891075166292318,7.969357742016346,2.0587400789847017,4474.5,0.14602076124567473,0.018065333184340896,80.83333333333333,0.3356401384083045,921.43093336285,-48.569066637149945,-528.9693555018605,1059.6455733672774,46.0715466681425,1.9457904031961968,보류,D
순천점,전라남도,2005,3110,676,2,6,1042,79150,31583,127.508481449,34.942586049,8,2.1972245773362196,11.279112699468135,8.042699496897637,2.5060950511351043,9893.75,0.21736334405144694,0.013164876816171825,130.25,0.335048231511254,992.6046560310273,-49.395343968972725,-557.135651455037,1141.4953544356813,49.630232801551365,2.004732777166647,보류,D
연수점,인천광역시,2002,5400,849,2,16,1669,229295,94882,126.681271854,37.404396292,18,2.9444389791664403,12.342769024297853,8.594339400592892,2.416633291878333,12738.611111111111,0.15722222222222224,0.007278832944460193,92.72222222222223,0.30907407407407406,1623.3001081299121,-45.69989187008787,-564.0632097878819,1866.7951243493987,81.16500540649561,2.4369507937415755,보류,E
안산고잔점,경기도,2003,3910,912,3,17,1402,194458,83898,126.813777377,37.302802826,20,3.044522437723423,12.177976622904678,8.271548374755515,2.3177906505518604,9722.9,0.23324808184143223,0.007209783089407481,70.1,0.3585677749360614,1354.6095356464284,-47.39046435357159,-577.1199670463923,1557.8009659933925,67.73047678232142,2.300308124127346,보류,E
만촌점,대구,2001,3560,835,2,9,1421,241965,95407,128.636941814,35.871123743,11,2.4849066497880004,12.396552499400586,8.177796683277778,2.5361346651713186,21996.81818181818,0.2345505617977528,0.005872750191143347,129.1818181818182,0.39915730337078653,1369.8736915397426,-51.126308460257405,-633.7899669281293,1575.354745270704,68.49368457698714,2.2535617148353095,보류,E
해운대점,부산,2000,3760,694,1,6,1170,240833,101856,129.167392443,35.166068396,7,2.0794415416798357,12.391863178462874,8.232440158470336,2.3644458843857996,34404.71428571428,0.18457446808510639,0.004858138211956003,167.14285714285714,0.31117021276595747,1118.0104807071104,-51.989519292889554,-644.2470097915433,1285.712052813177,55.900524035355524,2.069963650787824,보류,E
청주점,충북,1998,2370,510,1,6,864,108816,48543,127.474573589,36.601130307,7,2.0794415416798357,11.59742285119822,7.771067086065406,2.2416414313083246,15545.142857142857,0.21518987341772153,0.007940008822232024,123.42857142857143,0.36455696202531646,801.8585904379573,-62.14140956204267,-720.6802032605011,922.1373790036508,40.09292952189787,1.4500656274542743,보류,E
영천점,경상북도,2004,1540,594,1,1,286,29698,16952,128.910031519,35.958217639,2,1.0986122886681098,10.298868654190272,7.340186835320115,1.751887682869278,14849.0,0.38571428571428573,0.009630278133207623,143.0,0.18571428571428572,208.39484989405904,-77.60515010594096,-799.2452478298063,239.65407737816787,10.419742494702952,-4.447895199463216,보류,E
둔산점,대전,2002,3020,850,1,7,1359,312599,129797,127.377763251,36.3563813,8,2.1972245773362196,12.652679696969514,8.013343181386672,2.4083684522754765,39074.875,0.2814569536423841,0.004347422736477084,169.875,0.45,1291.6804159322778,-67.31958406772219,-851.7731345421009,1485.4324783221193,64.5840207966139,1.9576433421554345,보류,E
산본점,경기,1999,3850,625,2,18,1433,165158,71029,126.931415342,37.361090542,20,3.044522437723423,12.014663925246895,8.25608813381491,2.325219276633488,8257.9,0.16233766233766234,0.008676540040446119,71.65,0.3722077922077922,1359.4345323708844,-73.56546762911557,-883.8643700674531,1563.3497122265169,67.97172661854422,1.9177048857098553,보류,E
목포점,전남,2000,3290,624,1,14,1232,93648,44626,126.425213118,34.811636193,15,2.772588722239781,11.44730902975863,8.098946748943339,2.0985075964684263,6243.2,0.18966565349544073,0.01315564667691782,82.13333333333334,0.37446808510638296,1152.895692250599,-79.10430774940096,-905.5314563925232,1325.8300460881887,57.64478461252995,1.6277282796507038,보류,E
평택점,경기,2001,3240,664,1,4,1492,123590,60372,127.075601003,37.020992295,5,1.791759469228055,11.724733005820568,8.083637203141548,2.0471410587689656,24718.0,0.20493827160493827,0.012072174124120075,298.4,0.4604938271604938,1414.606953839147,-77.39304616085292,-907.412802743147,1626.797996915019,70.73034769195736,1.9058014178310996,보류,E
전주점,전북특별자치도,1998,2270,867,2,9,1021,187758,79405,127.120447787,35.832590583,11,2.4849066497880004,12.142914504562704,7.7279755421055585,2.364561425602922,17068.909090909092,0.38193832599118943,0.005437850850562959,92.81818181818181,0.44977973568281937,938.8071134743893,-82.19288652561067,-998.0611939637142,1079.6281804955477,46.940355673719466,1.2489931031428438,보류,E
칠성점,대구,2002,2890,1200,1,5,1107,219534,93421,128.589807815,35.885215824,6,1.9459101490553132,12.299266952088997,7.969357742016346,2.349942732362103,36589.0,0.41522491349480967,0.005042499111754899,184.5,0.3830449826989619,1024.9871707535747,-82.01282924642533,-1008.697680397877,1178.7352463666107,51.24935853767874,1.3997296437158455,보류,E
세종점,세종특별자치시,2015,3560,615,1,3,1366,182222,73707,127.250979226,36.470907183,4,1.6094379124341003,12.112986490747735,8.177796683277778,2.472248226084361,45555.5,0.17275280898876405,0.007496350605305616,341.5,0.38370786516853933,1272.501788840409,-93.49821115959094,-1132.542568685204,1463.3770571664704,63.62508944202045,1.5304820475766416,보류,E
춘천점,강원특별자치도,2005,3030,687,3,8,1077,130581,57052,127.718633576,37.863735921,11,2.4849066497880004,11.779756660904539,8.016647877057803,2.288806702657225,11871.0,0.22673267326732674,0.00824775426746617,97.9090909090909,0.35544554455445543,954.6178665242053,-122.38213347579472,-1441.6317519872011,1097.810546502836,47.730893326210264,0.43599742331678293,보류,E
군산점,전북특별자치도,2001,4780,968,1,5,949,77151,34651,126.735015214,35.98278471,6,1.9459101490553132,11.253532780980898,8.472405008626103,2.2265158292689966,12858.5,0.20251046025104602,0.012300553460097731,158.16666666666666,0.19853556485355647,806.1080739527405,-142.89192604725952,-1608.0389739103332,927.0242850456515,40.305403697637026,-0.54522999246468,보류,E
성남점,경기도,2010,4420,805,2,14,1061,120050,52798,127.141380398,37.444300836,16,2.833213344056216,11.695671931477264,8.394121193826242,2.273760369710974,7503.125,0.18212669683257918,0.008837984173261142,66.3125,0.2400452488687783,907.5805101138005,-153.41948988619947,-1794.344021603583,1043.7175866308705,45.37902550569003,-0.38084584621506357,보류,E
자양점,서울특별시,2007,3520,1058,1,12,1537,114448,55798,127.073194189,37.538413135,13,2.6390573296152584,11.647884587902611,8.166500319155052,2.051112943116241,8803.692307692309,0.30056818181818185,0.013429679854606458,118.23076923076923,0.43664772727272727,1339.7272109585954,-197.27278904140462,-2297.81067908794,1540.6862926023846,66.98636054792978,0.05503049534609338,보류,E
금정점,부산,2003,5110,891,1,15,1181,102866,47225,129.090560365,35.250228466,16,2.833213344056216,11.541192170678537,8.53915035876828,2.1782106934886185,6429.125,0.17436399217221135,0.011480955806583322,73.8125,0.23111545988258317,958.9988171971828,-222.0011828028172,-2562.1583128452485,1102.8486397767601,47.94994085985914,-1.6298531097597988,보류,E
진주점,경남,2000,3440,454,2,12,825,115317,52011,128.077433379,35.191585317,14,2.70805020110221,11.655448808556507,8.14351740579748,2.2171655995847033,8236.92857142857,0.13197674418604652,0.007154192356721038,58.92857142857143,0.23982558139534885,587.8773738462683,-237.12262615373174,-2763.7706304853027,676.0589799232084,29.393868692313415,-5.067077819386874,보류,E
제주점,제주특별자치도,1996,1870,475,1,8,890,45802,21739,126.521183933,33.517963385,9,2.302585092994046,10.732104870140509,7.534228326274089,2.1069046414278487,5089.111111111111,0.2540106951871658,0.019431465874852626,98.88888888888889,0.47593582887700536,557.960270198954,-332.03972980104595,-3563.485201277944,641.6543107287971,27.898013509947702,-8.901913004761049,보류,E
가든5점,서울특별시,2011,2720,799,2,4,1143,336821,130505,127.118583992,37.478858508,6,1.9459101490553132,12.72730987988209,7.908754738783246,2.580904946170645,56136.833333333336,0.29375,0.003393493873600518,190.5,0.4202205882352941,804.5259136952628,-338.47408630473717,-4307.864582710345,925.2048007495522,40.226295684763144,-5.414249449097147,보류,E
역삼점,서울특별시,2006,1380,350,1,8,653,270993,107814,127.048435922,37.499216346,9,2.302585092994046,12.509851959395338,7.2305631534092925,2.5135232901107463,30110.333333333332,0.2536231884057971,0.00240965633798659,72.55555555555556,0.4731884057971015,292.13918420024305,-360.86081579975695,-4514.31538360159,335.96006183027947,14.606959210012153,-21.704718525701747,보류,E
서귀포점,제주특별자치도,2006,2380,480,1,3,1028,35756,17367,126.509116288,33.248345741,4,1.6094379124341003,10.484501333150819,7.7752758464868625,2.0588472390165258,8939.0,0.20168067226890757,0.028750419510012306,257.0,0.4319327731092437,527.3105869796834,-500.6894130203166,-5249.47881830601,606.4071750266359,26.36552934898417,-15.990303831681178,보류,E
